;price;totsp;livesp;kitsp;dist;metrdist;walk;brick;floor;code;class
1;81;58;40;6;12.5;7;1;1;1;3;1
4;95;61;37;6;13.5;7;1;0;1;1;2
5;330;104;60;11;10.5;7;0;1;1;3;3
6;137;76;50;9;11;7;1;1;1;8;3
9;225;80;56;9;9;5;1;1;1;3;3
10;140;86;51;10;12.7;10;1;0;1;5;2
11;132;96;56;12;10.5;7;0;0;1;3;1
13;142;70;47;8;7.5;5;1;0;1;3;3
14;84;63;44;7;14.5;10;0;0;1;3;1
15;100;66;43;7;12;7;0;0;1;7;2
16;110;75;50;10;13.5;10;0;0;1;6;1
17;170;87;58;8;7.5;7;1;1;1;3;3
19;96;60;43;6;12;15;1;0;1;7;2
22;125;62;40;8;12.5;5;1;0;1;2;3
23;135;72;51;8;9;5;1;1;1;3;3
24;95;58;38;6;12;8;1;0;1;1;2
25;148;92;61;10;10.5;15;1;1;1;7;2
26;56;68;43;7;13.5;10;0;1;1;6;1
27;135;82;46;13;12;5;1;0;1;5;2
28;130;73;52;7;11;5;1;1;1;8;3
30;127;85;46;14;12;7;1;1;1;5;2
32;112;73;51;8;10.5;7;0;1;1;3;2
33;120;83;56;10;12;15;1;1;1;5;1
34;130;70;47;8;9;5;1;0;1;4;3
35;110;75;43;10;12.7;5;1;0;1;5;1
36;450;125;80;20;9;3;1;0;1;4;3
37;159;81;56;8;7.5;15;1;1;0;8;3
38;120;77;47;12;13.5;10;1;0;1;1;2
39;132;77;41;10;10;7;0;0;1;6;2
42;92;61;33;7;10.5;10;1;1;0;7;2
43;88;60;43;6;12;5;0;0;0;7;1
44;90;58;43;6;13.5;2;1;0;1;6;2
46;265;100;56;14;7;10;0;0;1;4;3
47;129;79;46;13;12;15;1;0;1;1;2
48;110;65;46;7;12.5;5;1;0;1;2;2
49;102;60;43;6;12;5;0;1;1;7;2
50;101;77;45;13;13;10;0;0;1;5;1
51;86;60;42;7;12;10;0;0;1;8;1
52;115;75;42;8;12;15;0;0;1;7;2
53;87;64;46;7;12;5;1;0;1;5;1
54;140;99;51;12;10.5;1;1;0;0;7;1
55;219;113;60;20;9;10;1;0;1;3;3
56;79;51;34;6;13.5;5;1;0;1;6;2
57;180;81;50;11;7.5;5;1;1;0;3;3
58;89;62;38;9;13;4;0;0;0;5;1
59;340;83;49;19;9;5;1;1;1;3;3
60;112;75;42;10;12;5;0;0;1;5;2
61;99;67;37;7;10.5;10;0;1;1;3;2
62;170;89;51;12;12.7;6;1;0;0;5;3
63;198;80;45;10;7;7;0;0;1;4;3
65;193;78;55;8;7.5;10;1;0;1;3;3
66;100;57;42;6;11;10;1;1;1;5;2
68;100;78;44;8;13.5;20;0;0;1;1;1
70;133;80;48;10;10.5;10;1;0;0;7;2
71;145;85;58;8;12;4;1;1;1;8;2
72;105;79;52;10;14.5;10;0;0;0;3;1
73;97;53;34;6;9;5;1;0;1;4;3
75;125;77;45;10;12;10;1;0;1;5;2
76;110;81;45;10;13;12;1;0;1;5;1
77;153;87;66;9;7.5;10;1;1;1;8;2
79;85;59;45;6;12;5;1;0;1;5;1
80;95;64;45;6;12.5;10;1;0;0;2;2
82;76;55;36;6;12.5;15;0;1;0;3;1
83;139;80;48;10;10.5;15;1;0;1;7;2
84;350;80;44;14;10.5;10;1;1;0;7;3
85;105;66;40;8;12.5;5;1;0;1;2;2
87;99;66;44;8;12;5;1;0;0;5;2
88;90;60;45;6;13.5;5;1;0;1;6;2
89;130;80;46;10;10.5;15;1;0;1;7;2
90;165;65;45;9;9;10;1;1;1;3;3
92;158;78;48;9;9;4;1;1;1;4;3
93;380;130;72;15;7;5;0;0;1;4;3
94;210;80;42;20;8;5;1;0;1;1;3
96;140;76;44;10;12.5;5;1;0;1;2;3
98;82;51;35;6;12.5;5;1;0;1;2;2
99;208;115;70;14;10;3;1;1;1;6;3
100;99;65;40;8;17;12;1;0;0;2;2
101;110;77;46;11;13;2;1;0;1;5;1
102;470;120;75;18;9;10;1;1;1;3;3
104;169;70;44;8;8;5;1;1;1;1;3
105;94;64;45;7;12.5;12;1;0;1;2;1
106;136;78;46;10;12.5;5;0;0;0;2;2
109;150;87;55;10;12;3;1;0;1;8;2
110;84;58;43;5;12;15;1;1;0;7;1
111;74;60;43;6;13.5;5;0;0;0;6;1
112;138;77;45;10;13;5;0;0;1;5;3
113;125;62;42;10;12;10;1;0;1;1;3
115;138;70;45;8;10.5;10;1;1;1;3;3
116;129;86;55;10;10.5;10;0;0;0;3;2
117;120;56;42;6;12;5;1;1;1;7;3
118;95;64;39;8;12;15;1;0;1;7;2
119;82;56;39;5;10.5;5;0;1;1;3;1
120;74;51;35;6;13.5;10;1;0;0;6;1
121;110;83;47;10;17;10;1;0;1;4;1
122;87;60;43;6;12;7;0;0;1;7;1
123;190;81;46;12;12;5;0;0;1;8;3
124;90;58;43;6;17;10;1;0;1;4;2
125;152;79;53;8;9;3;1;0;1;4;3
126;120;74;40;12;12.7;7;1;1;1;5;2
130;140;56;40;5;9;5;1;1;0;3;3
131;105;57;44;6;9;5;1;1;0;4;3
133;115;78;54;8;11.5;10;1;1;1;6;2
134;115;74;45;10;13;15;1;0;1;5;2
135;106;58;44;6;7;10;0;0;0;4;3
136;92;64;39;8;12;7;0;0;1;1;1
138;120;82;44;11;12.7;12;1;0;1;5;1
139;52;86;46;9;12;10;0;0;1;7;1
140;169;95;58;14;9;7;0;1;1;4;2
141;225;80;53;9;7;5;1;1;1;4;3
142;94;59;43;5;14.5;5;0;0;1;3;2
143;99;76;45;10;12;10;1;0;1;5;1
144;86;51;35;6;17;10;1;0;0;4;2
146;113;75;45;10;12;7;1;0;1;5;2
147;110;76;46;10;13;7;1;0;1;5;1
148;145;78;50;10;12;3;1;0;1;5;3
150;199;127;62;20;13.5;10;0;1;1;1;2
151;372;158;80;20;10.5;10;1;0;1;3;3
153;78;51;34;6;13.5;10;1;1;1;6;2
154;135;84;45;11;12;10;0;0;1;7;2
155;100;80;45;12;12.7;15;1;0;1;5;1
156;153;76;46;10;9;5;0;0;1;4;3
157;95;65;47;9;13.5;7;1;0;1;6;1
158;103;60;43;6;12.5;5;1;0;1;2;2
159;114;80;45;13;12;7;1;0;0;5;1
160;113;85;46;10;12;15;0;0;1;7;1
161;108;80;52;10;12;10;0;0;1;7;1
162;107;74;44;11;13;5;0;0;0;5;1
163;100;77;52;9;10.5;15;0;1;1;3;1
164;106;76;43;12;13;5;0;0;0;5;1
165;84;60;44;6;13.5;7;0;0;1;1;1
166;139;73;51;9;7.5;10;0;1;0;8;3
167;106;76;46;10;13;5;0;0;1;5;1
168;124;78;55;8;13.5;10;1;1;1;1;2
170;110;65;43;7;12;10;0;0;1;7;2
171;80;60;44;6;13.5;10;0;0;1;6;1
172;115;58;41;5;7.5;7;1;1;0;3;3
173;110;83;47;10;17;10;1;0;1;4;1
174;138;68;46;8;9;10;1;0;1;4;3
175;50;63;47;7;12;20;0;1;0;7;1
176;132;77;43;8;12.5;5;1;0;1;2;2
177;80;58;43;6;10;10;1;1;1;6;1
178;88;59;44;6;13.5;10;1;0;1;6;2
179;194;106;60;17;9;5;0;1;1;4;3
181;86;50;34;6;12;10;0;0;0;8;2
185;85;60;43;6;14.5;6;0;0;1;2;1
186;135;76;44;10;12.7;2;1;0;0;5;2
187;200;122;68;12;10;5;1;0;1;6;2
188;90;51;35;6;7;3;1;0;1;4;2
189;133;65;47;8;12.5;2;1;0;1;3;3
190;103;69;44;9;14.5;10;0;0;1;3;2
191;89;61;44;6;12.5;10;1;0;1;2;1
192;81;56;39;6;11.5;10;1;0;1;6;1
193;106;58;42;6;12;5;1;1;1;8;3
194;166;77;45;11;10.5;15;1;1;1;3;3
195;78;55;37;6;11.5;2;1;1;1;6;1
196;110;77;45;10;12;10;0;0;1;7;1
197;120;74;44;10;12.7;10;1;0;1;5;2
198;100;80;51;10;13.5;10;0;0;1;6;1
199;127;76;42;10;13.5;10;0;0;1;6;2
200;150;75;46;11;9;15;1;0;1;4;3
201;99;79;62;6;17;2;1;1;0;4;1
203;120;63;43;9;12;1;1;0;0;8;3
204;85;64;45;7;15.5;10;1;0;0;1;1
205;167;78;54;8;9;10;1;1;1;3;3
207;130;56;41;6;9;5;1;1;0;3;3
208;125;80;45;13;13;10;0;0;0;5;2
209;86;59;43;6;17;5;1;0;1;4;1
211;118;68;49;11;7.5;7;1;0;0;8;2
212;107;75;44;8;12;10;1;0;0;5;1
213;100;65;46;6;15.5;7;1;0;1;1;2
214;195;83;55;9;9;3;1;1;1;3;3
215;120;66;40;19;7.5;10;1;1;1;8;3
216;95;60;43;6;14.5;10;1;0;1;3;2
218;80;55;41;5;11.5;3;1;1;1;6;1
219;97;75;45;10;13;5;0;0;1;5;1
220;92;63;39;8;15.5;5;1;0;1;1;1
221;130;75;44;8;12.7;3;1;0;1;5;2
223;93;60;38;8;12;5;1;0;1;5;2
224;95;82;48;8;13;10;1;0;1;5;1
225;115;77;46;10;12.7;7;1;0;1;5;2
226;140;76;44;10;12;2;1;0;1;5;3
227;92;82;48;8;13;12;0;0;1;5;1
228;89;60;44;6;14.5;7;1;1;1;3;2
230;95;64;40;8;15.5;15;1;0;1;1;2
231;156;83;55;9;10.5;10;1;1;1;7;3
232;135;77;46;10;12.7;2;1;0;1;5;2
233;125;78;60;11;14.5;10;0;0;1;3;2
234;122;74;50;8;10.5;10;1;1;0;3;2
236;95;64;45;6;14.5;10;1;0;1;2;2
237;105;65;39;11;12;5;0;0;1;7;2
241;105;75;45;10;12;7;1;0;1;5;1
242;125;82;52;12;13.5;10;0;0;0;6;2
243;73;61;41;6;13;10;0;0;0;5;1
244;93;78;46;10;12;15;0;0;1;7;1
245;95;64;45;7;12.5;10;1;0;1;2;2
246;225;101;65;15;10.5;20;1;1;1;3;3
247;108;65;40;8;17;5;1;0;1;2;2
250;145;85;54;11;8;10;0;1;1;1;2
251;93;67;47;6;12;5;0;0;1;7;1
252;160;80;56;9;12;5;1;1;1;8;3
253;93;62;37;8;12.5;10;1;0;1;2;2
254;90;57;43;6;12;5;1;1;1;1;2
255;79;55;40;6;10.5;10;0;1;1;3;1
256;95;73;43;11;12.7;10;1;0;0;5;1
258;125;66;44;9;12.5;15;1;0;1;3;3
259;299;99;65;11;9;10;1;1;1;3;3
260;127;77;46;10;12.5;10;1;0;1;2;2
261;112;75;45;10;12;7;1;0;1;5;2
262;84;58;43;5;12;15;1;1;0;7;1
263;195;110;55;11;12;1;1;1;1;7;2
264;170;81;60;13;13;5;1;0;1;5;3
265;95;67;45;9;13.5;10;0;0;0;1;1
266;450;145;82;14;4.5;3;1;1;1;8;3
270;125;78;50;9;13.5;15;1;1;0;1;2
271;120;77;44;10;13.5;5;0;1;1;6;2
273;105;66;48;8;12;1;1;0;0;5;2
274;120;66;43;10;9;10;0;0;1;4;3
276;103;77;46;11;13;5;0;0;1;5;1
277;115;57;42;6;10.5;4;0;1;1;3;3
278;140;87;57;7;10.5;3;1;1;1;3;2
279;185;80;53;9;7.5;15;1;1;1;8;3
281;82;57;46;6;12;10;1;1;1;7;1
283;110;70;42;10;14.5;7;0;0;1;3;2
284;90;61;49;6;12;10;1;0;1;8;2
286;146;80;46;10;7.5;10;1;1;1;3;3
287;105;68;46;8;12;15;1;0;1;7;2
288;193;100;56;12;12;10;0;1;1;7;3
291;115;63;40;8;12.5;10;0;0;1;3;3
293;123;83;50;11;12.7;15;1;0;1;5;2
294;120;82;53;9;11.5;10;0;1;1;6;1
295;90;66;43;6;15.5;5;1;0;0;1;1
296;86;56;39;6;12.5;10;0;0;1;3;2
297;103;64;40;8;17;5;1;0;1;2;2
298;85;59;43;6;13.5;15;0;0;1;1;1
299;123;85;51;10;12.7;3;1;0;1;5;1
300;110;69;44;10;12;5;1;0;1;7;2
301;88;60;44;10;12;10;0;0;0;7;1
302;116;75;46;10;13.5;10;0;0;1;6;2
304;130;80;45;13;12;5;0;0;1;5;2
305;85;55;40;6;11;5;0;1;1;8;2
306;93;79;45;10;13;7;0;0;0;5;1
307;127;79;45;13;12;3;1;0;1;1;2
309;105;77;46;8;12;15;0;0;0;7;1
311;73;54;37;6;14.5;10;1;0;1;3;1
314;91;60;44;6;12;10;1;1;1;7;2
315;122;68;44;8;10.5;5;0;0;1;3;3
316;147;74;49;9;7.5;10;1;1;1;3;3
317;84;76;45;10;17;10;1;0;1;4;1
319;85;58;39;6;10;7;0;0;1;6;1
320;135;68;46;8;12.5;7;0;0;1;3;3
321;116;75;44;13;12;10;1;0;1;1;2
323;88;56;36;6;17;10;0;0;1;2;2
325;135;74;44;10;10.5;7;1;0;0;3;3
326;135;74;51;9;10.5;7;1;1;1;7;3
327;100;68;53;6;12;10;1;0;1;7;2
328;115;66;37;7;11;7;1;0;1;8;2
331;98;56;33;6;8;10;1;0;0;1;2
333;169;80;50;8;10;5;1;1;1;6;3
335;125;64;44;9;12;12;1;0;1;8;3
336;95;55;35;8;7.5;7;1;1;1;3;2
337;114;75;44;10;13;2;1;0;1;5;2
339;125;75;53;8;11;3;1;1;1;8;2
340;100;65;39;9;17;10;1;0;1;2;2
341;93;64;41;7;14.5;3;1;0;1;2;1
343;72;52;35;6;13.5;10;0;0;1;1;1
344;125;78;52;7;11;7;1;1;1;8;2
345;250;74;47;10;3;5;1;1;0;1;3
346;165;87;51;12;12.7;6;1;0;0;5;3
348;130;81;49;9;13;10;0;1;1;5;2
349;148;74;51;9;7.5;10;1;1;1;3;3
351;149;77;45;9;12;5;1;0;1;1;3
352;97;55;35;6;9;10;1;0;1;4;2
353;80;50;34;6;12;5;0;0;0;8;2
354;100;58;42;5;12;10;0;1;1;8;2
355;105;75;45;10;12;5;0;0;1;5;1
356;80;52;36;6;10.5;15;1;1;0;7;2
357;120;100;63;9;13;7;0;0;1;5;1
358;78;59;42;6;12.5;10;0;0;0;2;1
359;209;90;57;8;10.5;2;1;1;1;3;3
360;190;81;51;14;9;3;1;1;1;3;3
361;88;51;35;6;10.5;3;1;0;1;7;2
362;135;85;53;9;10.5;7;0;1;0;3;2
363;185;90;54;13;7.5;7;1;1;1;3;3
364;299;100;65;11;9;10;1;0;1;3;3
365;111;81;45;9;14.5;10;0;0;0;3;1
366;102;65;44;7;13.5;10;1;0;1;6;2
367;94;65;45;7;14.5;10;1;0;0;2;1
368;165;79;53;9;8;15;1;1;1;1;3
369;164;90;52;13;10;3;1;1;1;6;3
373;155;80;46;13;12;15;1;0;0;8;3
374;153;75;45;10;7;15;1;0;0;4;3
375;132;88;55;14;17;5;1;0;1;4;2
376;110;74;45;10;12.7;7;1;0;1;5;2
377;103;63;38;8;10.5;10;0;0;1;3;2
378;79;49;33;6;14.5;10;1;0;0;3;2
379;200;121;71;12;10;3;1;0;1;6;2
381;108;66;43;7;17;5;1;0;1;4;2
384;250;74;56;8;4.5;7;1;1;1;8;3
385;140;78;46;11;12;5;1;0;1;8;3
387;122;96;51;12;13.5;10;0;0;0;6;1
388;100;63;42;7;13.5;15;1;1;1;1;2
390;92;69;47;6;12;10;0;0;0;7;1
392;150;112;64;16;14.5;5;0;0;1;3;1
393;88;61;42;6;12.5;5;1;0;1;2;1
394;100;78;45;10;13;7;1;0;1;5;1
395;92;64;38;8;10.5;15;1;0;0;7;1
396;112;76;54;8;10.5;15;1;1;0;7;2
397;90;65;45;7;12;7;1;0;1;5;1
399;100;75;45;10;13;5;0;0;1;5;1
400;83;58;38;6;12.5;10;1;0;0;2;1
401;115;72;50;8;10.5;10;0;1;1;3;2
402;92;68;53;6;13;10;0;0;1;5;1
403;110;65;41;11;12.5;15;1;1;1;8;2
404;103;64;45;6;17;5;1;0;1;2;2
406;165;89;57;9;7;5;0;0;1;4;3
407;371;128;70;18;7;5;0;0;1;4;3
408;85;60;38;6;17;7;1;0;0;2;1
409;95;65;39;8;12;15;1;0;1;7;1
410;141;113;58;13;13.5;10;0;0;1;1;1
411;113;77;50;8;12.5;15;0;1;0;3;1
412;125;73;52;8;11;10;1;1;1;8;2
413;108;64;40;9;12;10;0;1;1;1;2
414;84;59;45;5;10;15;1;0;1;6;1
415;170;71;47;8;7.5;10;1;1;1;3;3
417;131;76;45;10;12;7;1;0;1;1;2
418;110;77;46;9;13;5;1;0;0;5;1
419;135;79;48;9;10.5;5;1;1;0;7;2
420;132;69;44;8;8;10;1;0;1;1;3
421;135;100;50;10;15.5;10;1;0;1;1;1
422;95;63;39;8;14.5;15;1;0;1;2;2
423;140;77;45;10;10;5;1;0;1;6;3
424;120;77;45;10;13;10;1;0;1;5;2
425;115;68;44;9;12;7;1;0;1;7;2
426;165;96;58;14;7;5;0;0;1;4;2
427;99;66;39;8;17;10;1;0;0;2;2
428;192;123;68;16;14.5;10;0;0;0;3;2
430;105;63;44;7;17;3;1;0;1;4;2
431;133;83;46;12;13.5;10;1;1;1;1;2
432;96;64;41;9;13.5;12;1;0;1;1;2
433;168;84;54;8;7.5;10;1;1;1;8;3
436;85;65;43;10;12;5;0;0;1;5;1
437;85;57;37;5;12;7;0;0;1;8;2
438;138;86;50;10;13.5;10;1;1;1;1;2
439;87;57;45;6;12;15;1;0;1;8;2
440;115;80;48;11;12.7;5;0;0;1;5;1
441;117;80;44;13;10.5;10;0;0;1;3;1
443;84;60;43;6;12;10;1;0;1;5;1
444;160;114;67;15;14.5;10;0;0;1;3;1
445;93;61;43;6;14.5;7;0;0;1;2;2
446;130;77;47;11;11;7;1;0;1;5;2
447;100;70;44;8;15.5;7;0;0;0;1;1
448;135;78;44;11;12.7;10;1;0;1;5;2
451;155;75;46;10;12;5;1;0;1;8;3
452;120;76;45;10;13;10;1;0;1;5;2
453;105;60;35;8;11;5;1;1;1;8;2
454;75;53;35;7;11.5;5;1;1;0;6;1
457;115;85;52;10;12;10;1;0;1;5;1
458;78;57;37;6;13.5;10;1;0;1;6;1
461;106;70;43;10;12.7;10;1;0;0;5;2
462;93;66;39;8;14.5;15;1;0;1;2;1
463;112;79;45;8;11.5;2;1;1;1;6;1
464;93;64;45;7;13.5;7;0;0;1;1;1
465;120;74;45;10;13;15;1;0;1;5;2
466;92;60;41;6;14.5;7;1;0;0;2;2
467;220;81;46;13;9;7;1;0;1;4;3
470;83;61;38;6;13;10;0;0;0;5;1
472;105;64;45;6;13.5;7;1;0;1;1;2
473;120;57;43;6;8;5;1;1;0;1;3
474;88;64;46;7;17;15;1;0;0;2;1
475;115;76;40;11;12.7;10;1;0;1;5;2
476;140;70;45;10;9;10;1;0;1;3;3
477;149;94;57;8;10.5;15;0;1;1;3;2
478;120;75;43;10;17;10;1;0;1;2;2
480;105;73;49;8;11.5;5;1;0;0;6;1
481;189;86;55;10;9;10;1;1;1;3;3
482;86;61;42;6;12;7;0;1;1;5;1
483;126;80;40;14;12;10;0;0;1;7;2
484;85;59;40;6;10;5;0;0;1;6;1
485;140;82;47;11;12.5;10;1;1;0;2;2
486;104;84;52;11;13;5;0;0;1;5;1
487;108;66;45;10;12;5;1;0;1;7;2
488;84;60;45;6;13.5;7;0;0;1;6;1
489;90;55;35;6;14.5;5;0;0;1;3;2
490;87;61;43;6;12;15;1;0;1;7;1
491;115;71;42;10;12;5;1;0;0;8;2
493;120;80;47;9;13.5;10;0;0;1;6;2
494;98;74;44;10;12;15;1;0;0;7;1
495;152;81;54;8;7.5;12;1;1;1;3;3
496;105;82;48;8;13;10;0;0;1;5;1
497;158;78;48;12;9;4;1;1;1;4;3
498;87;58;33;5;11.5;5;1;0;1;6;2
499;150;108;56;15;11;5;1;1;1;5;1
500;109;79;45;13;14.5;5;0;1;1;3;1
501;158;64;44;9;7;3;1;0;1;4;3
502;160;86;51;8;12;2;1;1;1;7;3
503;80;56;37;6;10;1;1;0;0;6;1
504;115;66;38;7;11;7;1;1;1;8;2
505;260;70;45;8;8;7;1;1;0;1;3
506;90;56;40;5;12.5;5;1;1;1;3;2
507;132;76;43;8;12.5;5;1;0;1;2;2
508;84;59;46;6;10;15;1;0;1;6;1
509;112;63;35;8;11;7;1;0;1;8;2
510;120;77;43;8;10.5;10;0;0;1;3;2
511;115;76;45;10;12;15;0;0;1;7;2
513;125;77;46;10;10.5;15;1;0;1;7;2
514;103;67;43;9;13.5;10;0;0;1;1;2
516;129;59;41;6;9;5;1;1;0;3;3
517;80;52;34;6;17;10;1;0;0;4;2
519;130;72;42;9;12;5;1;0;1;1;3
521;190;106;58;24;9;5;0;0;1;4;3
522;132;84;52;11;12.7;20;1;0;1;5;2
523;170;80;45;13;12;10;1;0;1;8;3
524;118;78;52;9;11;5;1;1;1;5;2
525;78;63;47;6;13.5;5;0;1;1;6;1
526;77;56;38;6;13.5;10;0;1;0;1;1
527;77;50;34;6;13.5;2;1;0;1;6;2
528;105;75;45;10;14.5;10;0;0;1;3;1
529;150;76;45;10;12;5;1;0;1;1;3
530;143;75;45;9;10.5;7;1;0;1;3;3
531;350;113;85;20;9;10;1;0;1;3;3
532;110;70;40;9;13.5;5;1;0;0;6;2
533;159;107;64;13;14.5;10;0;1;1;3;2
534;135;75;46;10;7;12;0;0;1;4;3
535;89;60;43;6;15.5;5;1;1;1;1;2
537;89;55;37;6;10.5;10;1;1;1;3;2
538;115;64;44;7;12;5;0;0;1;7;3
539;110;77;40;11;12.7;15;1;0;1;5;1
540;84;59;44;6;12;10;1;0;1;5;1
541;130;78;46;10;14.5;7;1;0;1;2;2
542;87;90;57;13;14.5;15;1;1;1;2;1
543;79;60;44;6;15.5;15;1;0;0;1;1
545;95;67;41;9;13.5;7;0;0;1;6;1
546;98;64;42;7;14.5;5;0;0;1;3;2
547;83;64;42;9;17;10;0;0;0;2;1
550;124;77;44;10;14.5;5;0;0;1;2;2
551;107;65;39;8;12.5;20;1;0;1;2;2
552;180;83;53;8;12;5;1;1;1;7;3
553;110;76;45;10;13;10;1;0;1;5;1
554;157;75;53;10;12.5;5;1;0;1;2;3
556;95;64;45;6;12.5;10;1;0;1;2;2
557;371;120;59;15;7;10;0;0;1;4;3
558;145;73;45;7;9;1;1;1;1;4;3
561;118;84;48;9;12.7;5;0;0;1;5;1
562;86;58;38;8;11.5;7;1;0;1;6;2
563;157;80;48;9;7;5;0;0;1;4;3
566;140;80;51;7;7.5;7;1;1;1;8;2
567;85;55;42;6;14.5;5;1;1;1;3;2
568;78;58;37;6;12;10;0;0;1;7;1
569;185;80;53;9;7.5;10;1;1;1;8;3
571;164;90;52;13;10;3;1;1;1;6;3
573;99;63;38;8;10.5;5;1;0;0;3;2
574;125;75;52;9;10.5;5;0;1;1;3;2
575;85;60;43;6;12;5;1;0;1;5;1
576;225;92;48;13;9;1;1;1;1;4;3
577;85;61;45;6;13.5;15;1;0;1;6;1
578;112;77;45;10;17;10;0;0;1;2;1
579;135;83;53;9;13.5;10;0;0;1;1;2
580;235;101;59;15;8;7;1;1;1;1;3
581;147;76;46;10;12;3;1;0;1;8;3
583;105;75;46;10;13;7;0;0;0;5;1
584;105;69;43;6;17;5;1;0;1;4;2
586;110;75;52;9;11.5;10;1;1;0;6;1
589;99;62;39;8;17;10;1;0;1;2;2
591;98;74;46;11;12.5;10;0;1;0;3;1
592;135;72;46;8;10;5;1;0;1;6;3
593;140;78;46;9;10.5;10;1;1;1;7;3
594;205;88;59;9;9;10;1;1;0;3;3
596;150;86;53;9;11.5;1;1;0;1;6;2
598;285;90;57;7;3;3;1;0;1;1;3
600;135;80;45;13;12.5;5;0;0;1;3;2
601;95;54;38;6;10.5;5;1;0;1;7;2
603;105;72;43;10;12;10;1;0;1;5;1
604;105;65;39;8;12;5;0;0;1;7;2
606;125;67;46;8;12.5;15;1;0;1;3;3
607;95;65;45;7;14.5;12;1;0;1;2;1
610;143;93;57;9;10.5;5;0;1;1;3;2
611;165;77;44;10;8;10;1;0;1;1;3
613;96;60;38;6;12;5;0;0;1;7;2
615;105;74;45;10;13;10;1;0;0;5;1
616;81;53;34;6;13;15;1;0;0;5;2
617;87;58;37;7;13.5;15;0;0;1;1;2
618;177;103;54;11;9;5;1;0;1;3;2
619;119;80;51;8;11.5;15;1;0;1;6;2
620;120;81;48;8;13;7;1;0;1;5;2
622;85;59;38;6;13.5;10;1;0;1;6;1
623;140;74;45;10;12.5;2;1;0;1;2;3
624;90;60;43;6;13.5;5;0;0;0;6;2
625;455;192;92;18;7.5;5;1;0;1;3;3
626;194;105;58;11;9;5;1;0;1;3;3
627;170;65;45;7;7.5;2;1;1;1;3;3
628;100;57;40;6;8;5;1;0;1;1;2
631;130;83;48;9;12.7;5;1;0;1;5;2
632;185;66;44;6;9;3;1;1;0;3;3
634;360;103;80;14;3;3;1;1;1;1;3
635;99;63;43;9;13.5;7;0;0;1;1;2
636;120;60;37;8;12;8;0;0;1;1;3
639;113;76;46;10;13;7;1;0;1;5;2
640;107;67;41;9;12.5;10;1;0;1;2;2
642;110;86;53;9;10.5;5;0;0;0;3;1
643;170;100;57;10;13.5;15;0;0;0;6;2
644;100;77;41;10;12.7;10;1;0;1;5;1
645;90;61;45;6;13.5;15;1;0;1;6;2
646;108;75;50;10;12;3;1;0;1;5;1
647;105;83;48;9;13;15;1;0;1;5;1
649;80;60;44;6;13.5;5;1;0;1;6;1
650;130;75;48;13;12.7;5;0;0;1;5;2
651;170;53;33;9;3;10;1;1;1;1;3
653;104;72;46;11;12.5;10;0;1;0;3;1
654;105;68;46;8;15.5;10;1;0;0;1;2
658;114;75;54;7;12;7;1;1;1;7;2
662;106;83;44;10;12;10;0;0;1;7;1
663;105;77;54;8;10.5;12;1;0;0;7;1
664;107;68;46;8;10.5;10;0;0;1;3;2
666;94;65;40;8;14.5;15;1;0;1;2;1
667;105;78;44;10;13;15;1;0;1;5;1
668;240;105;55;23;10;5;1;0;1;6;3
669;150;97;63;11;10;7;1;0;1;6;2
670;87;63;42;7;13.5;7;1;0;1;6;1
672;105;66;44;7;13.5;10;1;0;1;6;2
673;150;76;45;10;7;10;0;0;1;4;3
674;95;60;44;6;12;10;1;0;0;8;2
675;82;59;45;6;10;7;1;1;0;6;1
676;210;94;59;11;12.7;2;1;1;1;5;3
677;150;85;61;8;12;7;1;1;1;8;2
678;179;77;43;10;8;10;1;0;1;1;3
679;75;55;36;6;14.5;7;0;1;0;2;1
681;120;76;51;9;13.5;5;1;0;1;6;2
682;100;79;51;10;13.5;10;0;0;1;6;1
683;158;78;49;14;9;4;1;1;1;4;3
684;155;74;43;10;9;5;0;0;1;4;3
685;139;68;46;8;9;5;1;0;1;4;3
686;140;78;45;10;12;2;1;0;1;7;3
687;115;76;54;9;13;5;1;0;0;5;2
688;94;64;43;9;12;7;1;0;1;5;1
690;340;125;70;18;7;10;0;1;1;4;3
691;100;78;44;9;13.5;20;0;0;1;1;1
692;77;60;44;6;13;15;1;0;0;5;1
693;102;74;43;10;17;12;0;0;1;2;1
695;108;58;41;6;9;3;1;1;1;4;3
696;134;83;44;10;13;10;1;0;0;5;2
697;103;76;45;10;13;5;0;0;1;5;1
698;135;82;48;9;10.5;10;0;0;0;3;2
700;78;52;34;6;13;15;1;0;1;5;2
701;113;78;44;10;12;10;1;1;0;5;1
705;130;80;38;11;12.7;10;1;0;1;5;2
706;117;77;44;10;17;3;1;0;0;2;2
707;135;75;46;10;11;10;1;0;1;5;3
708;120;80;45;13;12;10;1;0;1;5;2
711;230;92;60;14;9;10;1;0;0;3;3
712;76;53;39;6;12;10;1;0;1;5;1
713;108;78;46;10;12.7;10;1;0;1;5;1
714;140;74;53;8;11;5;1;1;1;8;3
715;110;60;41;6;12;10;1;0;1;8;3
716;90;60;43;6;12;5;0;0;1;7;2
717;136;78;48;9;12.5;15;1;0;1;2;2
719;120;65;44;8;9;5;1;0;1;4;3
720;93;63;40;8;11;12;1;0;1;5;2
721;260;110;56;15;12.5;3;1;1;1;2;3
722;152;95;62;10;12.7;5;1;0;1;5;2
723;185;80;45;13;12;5;0;0;1;8;3
724;145;75;46;10;7;10;0;0;1;4;3
725;77;61;45;6;13.5;5;0;0;0;6;1
726;106;68;47;8;13.5;7;0;0;1;6;2
727;102;76;46;10;12;15;0;0;0;7;1
729;75;51;36;6;17;5;0;0;1;2;2
730;89;60;44;6;10.5;3;1;0;1;7;2
731;135;81;53;8;11.5;4;1;1;1;6;2
734;108;73;51;8;12.5;15;0;1;1;3;2
735;114;79;45;13;14.5;7;0;0;1;3;1
736;95;64;39;8;12.5;10;1;0;0;2;2
737;230;109;58;18;12.7;2;1;0;1;5;3
739;168;104;60;16;12;10;1;0;1;1;2
740;85;57;37;5;12;7;0;0;1;8;2
741;170;80;50;8;9;15;0;1;1;3;3
742;87;56;35;6;12;7;1;0;1;8;2
746;80;61;44;7;12;5;0;0;1;7;1
747;89;60;45;6;13.5;10;0;0;1;1;2
748;112;77;45;10;10;7;0;0;1;6;1
749;160;93;57;12;12.7;5;1;0;1;5;2
750;118;83;44;10;12.7;10;1;0;1;5;1
751;115;75;47;10;13;10;1;0;1;5;2
752;165;84;57;9;10.5;7;1;0;0;3;3
753;90;57;40;5;13.5;10;1;1;1;1;2
754;160;82;54;8;9;7;1;1;1;4;3
755;97;55;35;6;9;7;0;0;1;4;2
757;162;90;53;13;10;7;1;1;1;6;3
758;212;119;70;17;9;5;0;1;1;4;3
759;190;72;46;10;9;5;1;1;1;4;3
760;120;80;52;14;12;7;1;0;1;5;2
761;94;61;38;9;12;5;0;0;1;7;2
762;145;73;43;11;9;10;0;0;1;4;3
764;90;60;40;7;13.5;9;1;0;1;6;2
765;79;54;35;5;12.5;10;0;1;1;3;1
766;82;61;40;6;13.5;10;0;0;1;1;1
767;140;83;53;12;12;15;0;0;1;7;2
768;105;77;45;10;14.5;10;0;0;1;3;1
770;280;145;66;16;12.7;3;1;0;0;5;3
771;92;59;41;6;11;10;1;1;1;8;2
772;80;58;38;7;13.5;5;0;0;1;6;1
773;110;65;45;7;13.5;7;1;0;1;1;2
774;160;98;52;12;10;7;1;0;1;6;2
775;120;77;45;10;13.5;5;0;0;1;6;2
777;147;111;65;16;14.5;6;0;1;1;3;1
778;96;60;45;6;15.5;5;1;0;1;1;2
779;75;65;45;7;14.5;10;0;0;1;3;1
780;125;90;54;8;12;15;0;0;1;7;1
781;125;80;47;10;12;15;0;0;1;7;2
782;87;64;45;9;15.5;12;1;0;0;1;1
783;115;76;45;11;12;5;1;0;1;1;2
784;200;100;66;21;9;15;1;1;1;3;3
785;115;84;53;12;12.7;15;1;0;1;5;1
786;120;64;46;6;7;3;1;0;1;4;3
787;107;64;44;9;15.5;5;1;0;1;1;2
789;94;60;44;6;15.5;5;1;0;1;1;2
791;110;66;45;10;11.5;10;1;0;1;6;2
792;107;75;53;9;11.5;10;1;1;0;6;1
793;77;60;43;6;12;6;0;0;1;7;1
794;96;65;45;7;12.5;15;1;1;1;2;2
795;118;78;46;10;13.5;10;1;0;1;6;2
796;95;66;44;10;14.5;7;0;0;1;3;1
797;123;77;45;10;17;7;1;0;1;2;2
798;110;70;40;6;12;2;1;1;0;8;2
799;162;90;61;10;10.5;3;1;1;1;3;3
800;85;58;45;6;10;3;1;0;1;6;1
802;125;80;45;13;12;5;0;1;1;5;2
803;78;52;35;6;12;10;1;0;1;7;2
804;109;75;45;10;13.5;5;1;0;0;1;1
805;230;110;52;17;11.5;5;1;1;1;6;3
806;85;59;42;6;10.5;7;0;0;0;3;1
807;125;76;45;10;13.5;10;0;0;1;6;2
808;130;73;41;10;12;5;0;0;1;7;3
810;200;102;73;10;9;7;1;0;1;3;3
811;73;51;34;6;12;7;1;0;0;5;1
812;94;61;44;6;12.5;3;1;0;1;2;2
813;134;84;52;8;12;7;1;1;1;8;2
814;140;76;44;10;12.5;5;1;0;1;2;3
815;108;66;44;9;12;5;1;0;1;7;2
816;94;65;45;7;17;10;1;0;0;2;1
818;92;66;44;9;11.5;7;1;0;0;6;1
819;155;85;47;11;12.7;5;1;0;1;5;3
820;108;81;48;8;13;15;0;0;1;5;1
821;108;66;43;7;17;2;1;0;1;4;2
822;135;76;50;8;10.5;15;1;0;1;3;2
823;135;77;50;8;10.5;10;0;1;1;3;2
824;100;57;43;5;11.5;10;1;1;1;6;2
825;170;75;48;7;7.5;3;1;1;1;3;3
826;87;61;43;6;12;15;1;0;1;7;1
827;94;62;38;8;17;3;1;0;1;4;2
829;223;63;38;7;7.5;3;1;1;1;3;3
832;125;77;40;11;13;10;0;1;1;5;2
833;120;68;47;8;12.5;5;0;0;0;3;2
834;85;60;43;10;13;7;0;0;0;5;1
836;115;69;46;6;12;5;1;1;1;8;2
837;95;75;43;11;14.5;10;0;0;1;3;1
838;125;83;48;9;12;3;1;0;1;5;2
839;109;66;46;8;15.5;5;1;0;1;1;2
840;167;113;64;13;14.5;5;0;1;1;3;2
841;190;77;54;9;9;5;0;1;1;3;3
842;158;88;61;9;10.5;15;1;1;1;3;3
843;151;102;70;9;10.5;12;1;1;1;7;2
844;160;77;48;8;12;7;1;1;0;8;3
846;87;58;45;5;10;3;1;0;1;6;2
847;95;76;45;10;14.5;10;0;0;1;3;1
848;170;102;58;12;13;5;1;0;1;5;2
849;110;75;53;10;10.5;15;1;0;0;7;1
850;180;83;53;8;10.5;5;1;0;1;3;3
852;92;60;44;6;12.5;15;1;0;0;2;2
853;149;95;57;8;10.5;15;0;1;1;3;2
854;95;61;43;6;14.5;5;1;0;1;2;2
855;130;67;46;7;9;5;1;1;1;4;3
856;92;63;38;8;12;10;0;0;1;8;1
857;96;60;45;6;12;10;1;0;1;7;2
858;93;59;38;6;13.5;7;1;0;0;6;2
859;103;64;40;8;10.5;10;0;0;0;3;2
860;112;79;47;10;17;10;1;0;1;4;1
861;94;63;38;8;17;12;1;0;0;2;2
862;156;70;48;7;9;2;1;1;1;4;3
864;185;78;53;8;7.5;15;1;1;1;8;3
865;98;60;44;6;14.5;15;1;0;1;3;2
866;113;80;48;8;12;10;1;0;1;5;1
868;99;65;44;7;10.5;5;1;0;1;3;2
869;87;63;45;6;10;10;1;0;0;6;1
870;73;51;34;6;13.5;10;1;0;1;6;1
871;220;148;85;14;14.5;7;0;1;1;3;2
872;185;76;43;10;8;10;1;0;1;1;3
873;150;85;57;10;9;7;1;1;0;3;2
874;115;75;42;8;12;15;0;0;1;7;2
876;125;83;48;9;12;3;1;0;1;5;2
877;113;85;53;12;12.7;10;0;0;0;5;1
878;105;66;46;11;12;7;1;0;0;5;2
880;250;100;50;15;12.7;5;1;0;1;5;3
881;97;76;45;10;12;10;1;1;1;5;1
883;161;108;60;13;14.5;10;0;1;1;3;2
884;110;77;46;9;15.5;3;1;0;1;1;1
885;145;90;52;9;12;15;1;1;0;7;2
886;470;146;86;16;14.5;5;1;1;1;3;3
887;113;75;45;10;13;10;1;0;1;5;2
888;260;107;58;14;13;1;1;0;1;5;3
890;100;75;45;10;13;5;0;0;1;5;1
892;163;115;66;15;13.5;10;0;0;1;1;1
893;136;74;45;10;10;15;1;0;0;6;3
894;89;59;38;6;12;15;1;0;1;7;2
895;125;76;45;10;15.5;10;0;0;1;1;2
897;123;66;43;8;10;5;1;1;1;6;3
898;115;80;48;12;12.7;5;0;0;1;5;1
899;129;66;44;9;9;15;1;0;0;4;3
900;104;72;48;9;10.5;10;1;0;0;3;1
901;89;79;52;10;15.5;10;1;0;1;1;1
902;145;71;43;8;9;5;1;1;0;3;3
903;100;75;45;10;12;10;1;1;1;5;1
905;93;59;44;5;14.5;10;1;0;1;3;2
906;87;58;38;6;12;15;1;0;0;8;2
909;85;61;45;6;13.5;15;1;0;1;6;1
910;109;79;45;13;14.5;5;0;0;1;3;1
911;180;81;53;9;8;7;1;1;0;1;3
912;80;56;37;6;12;10;1;1;0;8;1
913;185;75;48;10;7;3;1;1;1;4;3
914;110;71;43;10;14.5;20;0;0;1;3;2
915;87;59;44;6;13.5;10;1;0;1;1;2
917;112;74;44;11;12.7;10;1;0;1;5;2
918;103;70;44;10;15.5;7;1;0;1;1;2
920;107;67;46;8;13.5;7;0;0;1;1;2
921;120;75;45;10;14.5;10;0;0;1;3;2
922;83;55;38;7;11;10;1;1;0;8;2
923;100;60;39;9;15.5;10;1;0;1;1;2
924;127;79;46;10;17;5;1;0;1;2;2
926;210;71;45;15;9;1;1;1;1;4;3
927;74;51;35;6;13.5;10;1;0;0;6;1
928;155;77;50;8;8;5;0;1;1;1;3
930;130;60;42;7;9;10;1;1;0;3;3
931;144;66;45;8;9;7;1;1;1;3;3
932;102;58;41;6;11;5;1;1;1;8;2
934;116;85;45;10;12;15;0;0;1;7;1
935;105;78;54;9;11;10;1;1;1;5;1
936;89;64;39;8;14.5;5;0;0;0;2;1
937;128;85;52;10;14.5;10;0;0;0;3;2
939;120;68;45;8;10.5;5;0;0;1;3;2
940;105;68;41;8;17;5;1;0;0;2;2
942;110;76;45;10;14.5;10;0;0;1;3;1
943;75;51;34;6;14.5;7;0;0;1;3;2
944;92;60;45;6;15.5;5;1;0;1;1;2
945;129;99;55;11;10.5;15;1;0;0;3;1
946;105;55;40;6;9;7;0;0;1;4;3
947;80;50;34;6;11.5;10;1;0;1;6;2
948;132;78;46;10;12.5;12;1;0;0;2;2
949;105;75;42;8;13.5;10;0;0;1;6;1
950;92;68;44;10;10.5;10;0;0;1;7;1
951;101;65;44;8;11.5;7;1;0;1;6;2
952;81;54;36;6;10;10;1;0;1;6;2
953;140;68;47;8;9;5;1;1;1;4;3
956;127;82;50;10;10.5;7;0;0;0;3;2
957;112;74;52;7;11;5;1;1;0;8;2
958;160;80;52;9;7.5;7;1;1;0;3;3
959;130;78;46;11;13.5;10;1;0;1;1;2
960;125;77;44;10;14.5;7;1;0;1;2;2
961;82;70;40;8;17;7;0;0;1;2;1
962;158;78;51;8;9;7;1;1;1;4;3
963;140;75;40;11;13;5;0;0;1;5;3
965;110;67;45;8;13.5;5;0;0;1;1;2
966;120;64;43;7;9;5;0;0;1;4;3
967;730;134;102;10;9;10;1;1;1;4;3
968;100;77;45;8;12;15;0;0;0;7;1
969;77;59;38;6;12;10;0;1;0;7;1
970;130;79;44;10;13.5;10;0;0;1;6;2
971;150;71;44;9;8;5;1;1;1;1;3
973;87;60;43;6;12;5;0;0;1;7;1
974;79;57;43;6;10.5;10;0;1;1;3;1
975;156;79;54;8;9;10;1;1;1;3;3
977;102;65;44;7;15.5;5;1;0;1;1;2
979;90;66;43;9;15.5;10;1;0;0;1;1
980;310;100;62;17;4.5;15;1;0;1;8;3
981;155;60;40;8;7.5;5;1;1;1;3;3
982;130;70;45;9;10.5;15;1;0;1;3;3
983;122;75;46;11;13.5;15;1;0;1;6;2
984;210;79;53;8;7;5;1;1;1;4;3
985;83;52;34;6;14.5;10;0;0;0;3;2
986;90;63;44;6;17;5;1;0;1;2;1
987;95;63;39;8;17;1;1;0;1;2;2
988;78;56;39;6;12;5;1;1;0;7;1
989;115;74;45;10;12.7;15;1;0;1;5;2
990;110;67;41;9;13.5;10;0;0;0;6;2
991;86;58;38;6;11.5;7;1;0;1;6;2
992;107;57;41;6;12.5;10;1;1;1;3;3
993;80;60;45;6;13.5;5;0;0;1;6;1
994;93;58;42;6;12;5;0;1;0;7;2
995;98;64;43;7;12;15;1;0;1;7;2
997;95;72;43;12;12.7;7;0;0;0;5;1
998;170;106;64;13;12;15;1;0;1;8;2
1000;140;68;46;7;9;10;1;0;1;4;3
1001;200;100;60;12;7;7;0;0;1;4;3
1002;82;60;41;6;11.5;5;1;1;1;6;1
1003;130;76;46;11;13;5;0;0;1;5;2
1004;87;60;43;6;13.5;10;0;0;1;6;1
1005;99;60;44;6;12.5;10;1;0;1;2;2
1006;100;72;42;10;14.5;20;0;0;0;3;1
1007;93;59;39;6;15.5;10;1;0;1;1;2
1008;83;56;37;6;10;15;1;0;1;6;2
1009;138;79;47;10;7;10;0;0;1;4;2
1010;133;85;50;9;12;10;0;0;1;7;2
1012;150;76;50;8;9;7;1;1;1;4;3
1013;170;80;46;10;10;5;1;0;0;6;3
1014;110;57;40;5;7.5;7;1;1;0;3;3
1016;110;71;44;8;15.5;7;0;0;1;1;2
1017;95;65;46;8;13.5;7;0;0;0;6;1
1018;115;57;38;8;12;5;1;0;1;7;3
1019;150;78;46;10;9;10;0;0;1;4;3
1021;75;55;39;6;10;10;1;0;0;6;1
1022;125;78;45;10;12;7;0;0;1;7;2
1023;114;74;44;11;12.7;10;1;0;1;5;2
1024;97;68;46;8;12;5;1;0;1;5;1
1025;95;72;44;10;12.7;10;1;0;0;5;1
1026;130;79;45;10;12;5;1;0;1;5;2
1027;94;64;45;7;14.5;3;1;0;1;2;1
1028;160;80;54;9;9;10;1;1;1;3;3
1029;180;91;58;8;11;2;0;1;1;8;3
1030;100;65;39;8;14.5;10;0;0;1;2;2
1031;105;65;40;7;17;10;1;0;0;2;2
1032;110;75;45;10;12.7;10;1;0;1;5;1
1033;108;69;36;9;12.5;5;0;0;0;3;2
1034;92;57;40;6;12.5;2;1;1;1;3;2
1035;92;61;44;6;12.5;5;1;0;1;2;2
1036;181;86;51;11;10.5;10;0;0;0;3;3
1037;128;57;38;6;9;5;1;1;1;3;3
1040;105;76;40;11;12.7;5;0;0;1;5;1
1041;95;77;45;10;13;5;0;0;1;5;1
1042;92;58;42;6;13.5;7;1;1;1;1;2
1043;120;65;38;7;11;10;1;1;1;8;3
1044;85;56;42;6;12;10;1;1;1;8;2
1045;99;58;39;7;7.5;5;1;0;1;3;2
1047;128;77;47;12;11;7;1;0;1;5;2
1048;114;75;45;10;12.7;15;0;0;1;5;2
1049;135;72;49;8;8;5;0;1;1;1;3
1050;163;73;48;9;7.5;5;0;1;1;8;3
1051;160;80;51;13;7.5;5;1;1;1;8;3
1052;85;67;46;6;12;15;1;0;1;5;1
1053;85;60;38;6;17;7;1;0;0;2;1
1055;110;68;45;6;12.5;10;1;0;1;2;2
1056;460;153;84;18;9;5;1;1;1;4;3
1057;98;58;42;6;12;10;1;1;1;8;2
1058;100;83;53;10;12;15;0;0;0;7;1
1059;117;85;44;10;12;10;0;0;1;7;1
1061;108;76;45;10;12;10;0;1;0;7;1
1062;91;60;45;6;10.5;5;0;0;1;3;2
1063;145;74;43;10;12.5;10;1;0;1;2;3
1066;82;60;42;6;12.5;10;1;0;0;2;1
1067;143;80;47;9;12.5;3;1;0;1;2;3
1068;227;104;54;10;10.5;8;1;0;1;3;3
1069;120;64;43;6;11.5;2;1;1;1;6;3
1070;105;53;36;5;7.5;10;1;1;0;3;3
1071;105;72;43;10;13;10;1;0;0;5;1
1072;83;55;37;6;12;5;1;1;1;7;2
1073;95;65;45;7;15.5;7;1;0;1;1;1
1074;85;61;45;6;13.5;10;1;0;1;6;1
1075;117;80;53;8;11.5;10;0;1;0;6;1
1077;105;61;40;8;12;3;1;0;1;5;2
1078;107;77;46;10;12;10;1;0;1;5;1
1079;164;79;51;9;7;5;0;0;1;4;3
1080;113;63;42;9;7;5;0;0;1;4;3
1081;180;78;52;8;9;1;1;1;1;3;3
1082;79;51;34;6;13.5;10;1;0;1;6;2
1083;110;76;50;8;13;10;1;0;1;5;1
1084;150;66;47;9;7;3;1;0;1;4;3
1085;142;125;66;19;10.5;10;1;0;1;7;1
1086;99;58;44;6;10.5;10;1;0;1;3;2
1087;127;81;49;8;12;5;1;0;1;5;2
1088;80;52;35;6;14.5;12;0;0;1;3;2
1089;72;60;42;6;11.5;10;0;1;0;6;1
1090;119;80;45;13;14.5;5;0;0;1;3;2
1091;131;80;46;13;12;7;1;0;0;1;2
1092;119;80;48;10;12.7;12;1;0;1;5;2
1093;119;66;45;8;7;7;0;1;0;4;3
1096;117;70;39;8;12.5;12;1;1;1;2;2
1097;140;75;46;9;10.5;10;0;0;1;3;3
1098;120;80;50;8;10.5;5;0;1;1;3;2
1099;79;52;37;6;12;7;0;0;0;7;2
1100;140;67;46;8;8;5;1;0;0;1;3
1101;88;60;42;6;11;10;1;1;1;5;1
1102;120;75;45;10;13.5;10;0;0;1;6;2
1103;85;57;40;6;14.5;10;0;1;1;2;2
1104;115;73;52;9;10.5;15;1;1;1;3;2
1106;150;106;63;12;13.5;10;0;0;1;6;1
1107;107;74;45;10;14.5;15;0;0;1;3;1
1108;150;70;50;9;7.5;7;1;1;1;3;3
1109;130;77;48;10;17;5;1;0;1;2;2
1110;309;107;72;17;10.5;1;1;1;1;3;3
1111;135;80;47;9;12;7;0;0;1;5;2
1112;110;75;44;10;17;5;0;0;0;2;1
1113;209;99;63;9;9;10;1;1;1;3;3
1114;83;60;44;6;17;10;1;0;1;4;1
1115;108;76;46;10;12;10;1;0;1;5;1
1116;98;63;39;7;14.5;10;0;0;0;3;2
1117;125;76;47;11;11;7;1;0;1;5;2
1118;180;90;56;11;9;15;1;0;0;3;3
1120;252;132;74;23;12.5;3;1;1;0;3;3
1121;155;75;45;10;9;15;1;0;1;4;3
1122;212;112;60;17;7;10;1;0;1;4;3
1123;95;64;45;7;14.5;10;1;0;1;2;2
1125;126;79;44;13;10.5;10;0;0;1;3;2
1127;153;80;40;25;10.5;10;0;0;1;3;3
1128;78;51;34;6;13;5;0;0;1;5;2
1129;123;74;48;10;12.5;15;1;0;1;2;2
1130;108;66;43;11;13.5;10;1;0;1;6;2
1132;78;55;37;6;10.5;7;1;0;1;7;1
1133;130;64;35;6;9;1;1;1;1;4;3
1134;92;63;39;8;14.5;5;0;0;0;2;1
1135;128;80;45;13;12;15;1;0;1;5;2
1136;160;98;50;12;10;10;1;0;1;6;2
1137;115;66;40;8;12.5;5;1;0;0;2;2
1139;150;78;50;9;9;5;1;1;1;4;3
1140;130;87;57;7;13.5;7;1;1;0;1;2
1142;70;52;34;6;12;10;1;0;0;7;1
1143;110;73;45;10;15.5;10;1;0;1;1;2
1144;105;77;40;10;12;15;0;0;1;7;1
1145;130;75;45;10;12;10;0;0;1;8;2
1148;108;66;43;7;17;5;1;0;1;4;2
1150;85;60;43;7;12;5;0;0;1;7;1
1151;110;80;46;10;12;15;0;0;1;7;1
1152;110;68;46;8;13.5;10;0;0;1;6;2
1153;97;58;42;5;12.5;15;1;1;1;3;2
1154;90;65;46;7;14.5;5;1;0;1;2;1
1155;88;60;44;6;17;7;0;0;1;4;1
1156;110;75;43;10;13.5;15;0;0;1;6;1
1157;285;90;61;6;14.5;10;1;0;1;3;3
1159;110;74;44;10;13.5;15;0;0;1;6;2
1160;135;74;42;10;7.5;5;1;1;1;8;3
1162;142;90;51;12;12;10;0;1;1;7;2
1164;210;72;49;7;7.5;5;1;1;1;3;3
1165;110;60;40;7;9;7;0;1;1;3;3
1166;371;120;59;15;7;10;0;0;1;4;3
1167;135;65;39;7;12;15;0;0;0;7;3
1168;143;74;45;11;11;5;1;0;1;5;3
1170;165;75;45;10;12.5;5;1;0;1;2;3
1171;159;109;64;13;14.5;10;0;1;1;3;1
1173;108;67;45;8;14.5;5;0;0;1;2;2
1174;94;61;44;6;12.5;10;1;0;1;2;2
1175;80;54;35;6;12;8;1;1;0;7;2
1176;75;56;38;6;10;7;1;0;1;6;1
1177;109;79;45;13;14.5;7;0;1;1;3;1
1178;99;65;46;6;17;7;1;0;1;2;2
1179;97;77;47;9;14.5;10;1;0;0;2;1
1181;95;61;38;8;11.5;7;1;0;1;6;2
1182;127;73;43;11;13;5;1;1;1;5;2
1183;135;81;48;8;15.5;7;1;0;1;1;2
1184;86;58;44;6;17;5;1;0;1;4;2
1185;162;71;49;9;9;10;1;1;1;3;3
1187;115;74;45;10;13;15;1;0;1;5;2
1188;105;63;39;8;12.5;10;1;0;1;2;2
1189;120;76;45;10;12;10;0;0;1;7;2
1190;98;65;44;9;14.5;7;0;0;1;3;2
1193;88;63;37;8;13;5;0;0;1;5;1
1194;90;55;36;6;12.5;10;1;0;1;3;2
1196;130;68;41;10;10.5;5;0;0;1;3;3
1198;200;78;50;7;8;10;1;1;1;1;3
1199;126;80;46;13;14.5;5;0;0;1;3;2
1200;85;58;41;7;14.5;10;0;0;1;2;1
1201;85;58;37;6;13.5;15;0;0;1;1;1
1202;105;53;36;5;7.5;10;1;1;0;3;3
1203;140;75;54;8;12;5;1;1;0;8;3
1205;129;80;48;10;12.7;7;1;0;1;5;2
1206;170;80;53;9;8;3;1;0;1;1;3
1207;115;80;45;10;13.5;10;0;0;1;6;1
1208;81;59;42;6;12;10;1;1;1;1;1
1209;105;75;45;10;13;10;0;0;1;5;1
1210;94;64;45;6;12.5;12;1;0;1;2;1
1212;127;74;53;8;11;10;1;1;1;8;2
1214;145;75;45;10;7;15;1;0;1;4;3
1215;98;75;50;8;11.5;5;0;0;1;6;1
1216;113;69;47;8;17;3;1;0;1;4;2
1218;113;78;47;10;12;10;1;0;1;5;1
1220;100;64;41;7;12;5;1;0;1;7;2
1222;135;80;51;13;13.5;5;0;0;1;1;2
1223;95;62;43;7;12;7;1;0;1;5;2
1225;118;68;49;11;7.5;7;1;0;0;8;2
1226;93;65;39;8;12.5;7;0;0;1;2;1
1229;85;55;40;6;12.5;7;1;1;0;8;2
1230;139;86;51;10;10.5;7;0;0;1;7;2
1231;114;93;51;12;10;7;1;0;0;6;1
1232;101;66;39;8;17;10;1;0;1;2;2
1233;98;64;43;7;17;5;0;0;1;2;2
1235;119;77;40;10;12.7;5;0;0;1;5;2
1237;79;58;41;6;12.5;5;0;0;0;3;1
1239;142;77;44;10;7;10;0;0;1;4;3
1240;127;65;43;7;9;5;0;0;1;4;3
1241;190;85;53;12;12;3;1;0;0;5;3
1242;160;79;54;9;7;3;1;0;1;4;3
1243;86;58;43;6;17;5;1;0;1;4;2
1244;99;62;45;6;13.5;10;1;0;1;6;2
1245;73;54;35;5;10.5;3;1;1;0;7;1
1246;138;77;45;11;10.5;10;1;0;1;7;3
1248;103;67;43;9;15.5;7;1;0;1;1;2
1249;107;75;44;10;12.7;10;1;0;1;5;1
1250;110;78;48;14;12;10;1;0;1;5;1
1251;109;67;45;11;13.5;5;0;0;1;1;2
1252;120;77;48;8;12;15;1;1;1;8;2
1253;94;64;45;6;17;15;1;0;1;2;1
1254;117;78;45;11;13;10;0;0;1;5;2
1256;92;63;38;8;12;10;0;0;1;7;1
1257;93;57;43;5;12.5;15;1;1;1;3;2
1258;103;78;54;11;12;15;1;1;0;5;1
1260;95;63;39;8;12;10;1;0;1;7;2
1262;120;78;43;12;14.5;15;0;0;1;3;2
1265;89;64;45;6;12.5;15;1;0;1;2;1
1266;108;80;48;8;12;10;0;0;1;7;1
1267;96;60;43;6;13.5;10;1;0;1;6;2
1268;110;74;53;8;11;15;1;1;0;8;2
1269;129;79;47;8;10.5;15;1;0;1;7;2
1270;85;69;48;6;12;10;0;0;1;7;1
1271;96;60;45;6;10.5;15;1;0;1;3;2
1272;122;79;48;10;12.7;12;1;0;1;5;2
1273;200;90;60;10;12;10;1;1;1;7;3
1274;104;80;45;13;13;5;0;0;1;5;1
1275;145;96;56;9;11;15;1;1;0;8;2
1276;120;74;53;8;10.5;10;1;1;1;7;2
1278;135;75;43;11;12.7;15;1;0;1;5;3
1280;96;60;45;6;12;5;0;0;1;7;2
1281;100;75;45;10;13.5;5;1;0;0;1;1
1282;82;55;36;6;10;7;1;0;0;6;2
1284;108;78;47;10;12;3;1;0;0;5;1
1285;83;50;34;6;15.5;5;0;0;1;1;2
1286;131;78;46;10;17;5;1;0;1;2;2
1288;107;56;32;5;7.5;7;1;1;0;3;3
1289;88;60;44;6;12;10;0;0;0;7;1
1290;104;77;45;10;12.7;15;1;0;0;5;1
1291;160;93;59;6;12.5;15;1;1;1;8;2
1292;89;60;38;6;13.5;7;1;0;1;6;2
1293;171;96;50;18;7;5;1;0;1;4;3
1294;84;60;45;6;13.5;7;0;0;1;6;1
1295;138;79;47;10;7;10;1;0;1;4;2
1296;70;58;41;6;14.5;10;0;1;1;3;1
1297;165;78;54;8;9;10;1;1;1;3;3
1298;130;65;44;9;9;5;1;0;1;4;3
1299;139;74;52;9;10.5;7;1;0;1;7;3
1300;140;81;55;8;9;7;0;1;0;3;2
1301;91;60;44;6;14.5;7;1;0;1;2;2
1302;83;60;38;9;12;10;1;0;0;5;1
1303;85;57;39;6;11.5;7;1;0;0;6;2
1305;80;68;42;8;13.5;7;1;0;0;6;1
1306;85;58;40;5;14.5;10;0;1;1;2;1
1307;135;72;43;9;10.5;15;1;0;0;3;3
1308;197;101;60;15;7;7;0;1;1;4;3
1310;165;65;45;9;9;10;1;1;1;3;3
1311;87;58;44;5;10.5;5;1;0;1;7;2
1314;140;77;46;10;8;10;1;0;1;1;3
1315;104;67;43;11;12;15;1;0;1;7;2
1317;142;77;44;10;7;10;0;0;1;4;3
1319;160;75;47;10;9;10;1;1;0;3;3
1320;115;80;54;12;12.7;5;0;0;1;5;1
1322;317;135;70;20;9;2;1;0;1;3;3
1324;124;96;52;10;13.5;5;1;0;1;1;1
1326;135;65;38;8;7.5;10;1;1;1;3;3
1327;85;55;35;6;12;10;1;0;1;8;2
1328;103;64;45;7;13.5;15;1;0;1;1;2
1329;85;60;40;7;12;5;0;0;1;7;1
1330;160;72;50;9;7.5;5;0;1;1;8;3
1331;350;90;62;12;10.5;5;0;0;1;3;3
1332;101;55;38;6;7;10;1;0;0;4;3
1333;143;82;45;10;12;10;1;0;1;5;2
1334;80;51;34;6;13.5;15;0;0;1;1;2
1335;123;75;45;10;12.7;10;1;0;1;5;2
1336;215;67;42;9;7.5;3;1;1;1;3;3
1338;90;59;45;6;12;5;0;0;0;8;2
1341;125;75;46;10;14.5;7;0;0;1;3;2
1342;115;74;48;11;13;15;1;0;1;5;2
1343;71;49;34;6;10;10;1;0;1;6;1
1344;85;60;43;6;12;5;1;1;1;7;1
1345;150;80;53;8;9;3;1;1;1;4;3
1346;180;71;47;7;7.5;10;1;1;1;3;3
1347;130;109;51;16;13.5;10;0;1;1;6;1
1349;97;64;45;7;13.5;10;1;0;1;1;2
1350;107;75;45;9;13;15;1;0;1;5;1
1351;115;79;47;11;12;10;1;0;1;5;1
1352;156;70;48;7;9;2;1;0;1;4;3
1354;115;77;44;7;12;10;1;1;1;8;2
1356;240;81;54;8;9;3;1;1;0;3;3
1357;155;73;49;9;10.5;15;1;1;1;3;3
1358;130;77;45;10;12;7;1;0;1;5;2
1362;89;65;40;8;13;7;0;0;1;5;1
1364;110;66;43;7;13.5;15;0;0;1;1;2
1366;190;78;46;10;8;10;1;1;1;1;3
1367;260;80;46;12;9;2;1;1;1;4;3
1368;74;53;34;6;10.5;7;0;1;0;3;1
1369;190;100;50;16;7;10;1;0;1;5;3
1370;147;75;45;10;7;15;1;0;1;4;3
1372;93;60;43;6;17;15;0;0;1;2;2
1373;110;75;45;10;12;5;0;1;1;5;1
1374;110;60;37;9;12.5;7;1;0;1;2;3
1375;122;93;52;14;13.5;10;1;0;1;1;1
1376;130;73;47;9;11;10;1;1;1;5;3
1377;86;53;36;7;11.5;5;1;0;0;6;2
1379;85;50;35;6;11;8;0;0;1;8;2
1381;83;53;34;6;14.5;8;0;0;0;3;2
1382;140;73;44;10;10.5;5;1;1;0;3;3
1383;84;58;43;6;14.5;5;0;0;1;3;1
1384;80;56;44;6;11;8;1;1;0;5;1
1385;95;72;43;12;12.7;7;0;0;0;5;1
1386;90;58;42;6;10.5;15;1;1;1;3;2
1387;116;82;44;10;12.7;15;1;0;1;5;1
1388;110;74;45;12;12.7;1;1;0;0;5;2
1390;108;64;40;9;12;10;0;0;1;1;2
1391;100;83;48;10;12;15;0;0;0;7;1
1392;110;80;43;10;12;15;0;0;1;7;1
1393;128;68;50;9;12.5;5;0;0;1;3;3
1395;105;65;47;9;12.5;5;1;0;1;2;2
1397;110;76;45;10;14.5;15;0;0;1;3;1
1398;147;80;50;8;7.5;5;0;0;1;8;3
1399;94;63;39;8;14.5;5;0;0;1;2;2
1400;94;56;33;8;11.5;3;1;0;1;6;2
1403;145;78;47;8;11;8;1;1;1;8;3
1404;99;72;43;10;12.7;10;1;0;1;5;1
1406;90;56;42;6;12.5;7;1;1;1;3;2
1407;85;64;45;6;13;5;0;0;1;5;1
1409;135;77;41;11;13;10;1;0;1;5;2
1410;127;78;46;10;17;5;1;0;1;2;2
1411;189;80;52;10;7;1;1;1;1;4;3
1413;126;68;47;8;8;5;0;0;1;1;3
1414;105;65;40;8;13.5;7;1;0;1;6;2
1415;90;60;40;8;13.5;5;1;0;0;6;2
1416;115;81;47;9;12.7;10;1;0;0;5;1
1417;110;57;37;7;9;1;1;1;1;4;3
1418;90;54;42;6;17;10;1;0;1;4;2
1419;215;76;55;8;7.5;2;1;1;1;3;3
1420;180;71;42;8;7;15;0;0;1;4;3
1421;115;80;41;13;12;15;1;0;1;5;1
1422;105;63;42;8;12;15;1;1;1;1;2
1423;115;78;44;10;12;7;1;0;1;5;2
1425;152;108;56;15;11;5;1;1;1;5;1
1427;95;65;47;8;13.5;5;1;0;1;6;1
1428;119;74;52;8;10.5;10;1;1;1;7;2
1430;115;78;48;10;12;10;0;0;0;7;2
1431;205;93;66;9;9;10;1;1;1;3;3
1432;75;79;47;8;17;10;0;0;1;2;1
1433;105;65;40;8;17;10;1;0;1;2;2
1435;180;73;46;10;7.5;3;1;1;1;3;3
1436;96;60;45;6;12;5;0;0;1;7;2
1441;96;60;40;8;12.5;10;1;0;1;2;2
1442;110;65;40;8;12.5;5;1;0;0;2;2
1443;137;76;50;15;11;7;1;1;1;8;3
1444;87;60;43;6;13.5;10;0;0;1;1;1
1445;139;72;45;9;10.5;7;1;0;1;7;3
1446;107;76;44;9;13;15;1;0;1;5;1
1447;147;77;44;10;13;2;1;0;1;5;3
1450;108;75;54;9;17;5;1;0;0;2;1
1451;142;84;53;10;15.5;15;1;0;1;1;2
1452;105;58;41;6;7.5;10;1;1;1;3;3
1453;127;119;68;15;15.5;10;1;0;1;1;1
1454;112;68;41;10;12;10;1;0;1;7;2
1455;113;77;46;10;13;15;1;0;1;5;1
1456;145;75;45;10;7;15;1;0;1;4;3
1457;92;60;40;6;12;10;0;0;1;7;2
1458;75;55;36;6;11.5;10;1;1;1;6;1
1459;94;64;38;9;12;11;0;0;1;7;1
1462;85;61;43;6;12;15;1;0;1;7;1
1463;80;54;37;6;12;7;1;1;0;7;2
1464;175;95;48;12;10;2;1;0;0;6;3
1465;160;119;68;10;11;7;1;1;0;8;1
1466;79;51;34;6;12;7;0;0;1;7;2
1467;75;53;35;7;11.5;5;1;1;0;6;1
1468;118;74;44;10;12.7;4;1;0;1;5;2
1469;149;92;50;14;10;7;1;1;1;6;2
1470;105;68;43;9;13.5;10;1;0;1;6;2
1471;82;60;44;6;14.5;7;0;0;1;3;1
1472;108;58;40;6;10.5;7;1;1;1;3;3
1473;83;51;34;6;15.5;3;1;0;1;1;2
1475;123;75;45;10;12.7;10;1;0;1;5;2
1476;96;68;45;10;12.5;15;0;0;1;3;1
1477;135;80;48;8;13;7;1;0;0;5;2
1479;110;74;45;10;12;15;0;0;1;7;2
1480;114;68;44;8;10.5;10;1;0;1;7;2
1481;125;85;46;10;12;5;0;0;1;7;2
1482;111;75;42;11;14.5;3;0;1;1;3;2
1483;98;61;38;8;12;15;1;0;1;1;2
1484;90;57;42;6;11;5;1;1;1;5;2
1485;135;81;44;10;14.5;7;0;0;1;3;2
1486;130;74;50;8;10.5;5;0;1;1;7;2
1487;99;60;39;8;12;5;0;0;1;1;2
1488;174;130;71;16;14.5;4;0;0;1;3;1
1489;115;78;46;10;12.7;3;1;0;1;5;2
1491;98;70;39;9;11.5;2;1;0;0;6;1
1492;90;72;53;10;11.5;5;0;1;1;6;1
1494;155;64;36;8;8;7;1;1;0;1;3
1495;130;78;51;8;10.5;10;0;1;1;3;2
1496;75;55;36;6;13.5;15;0;1;0;1;1
1497;127;74;44;8;11;10;1;1;0;8;2
1499;77;58;42;6;12.5;5;0;0;0;3;1
1500;102;58;40;6;10.5;5;1;1;0;3;2
1501;93;59;38;6;13.5;10;1;1;0;6;2
1502;140;89;51;10;12;3;1;0;1;7;2
1503;121;81;46;8;12;2;1;0;1;5;2
1504;80;60;44;6;13.5;10;0;0;1;6;1
1505;68;57;37;6;13.5;15;1;0;0;6;1
1507;165;78;52;12;7.5;5;0;0;1;8;3
1509;126;119;67;17;15.5;10;1;0;0;1;1
1510;95;68;45;9;14.5;10;0;0;1;2;1
1511;130;83;46;10;10.5;1;1;0;1;7;2
1512;93;64;38;8;14.5;10;1;0;1;2;1
1513;115;77;46;10;13.5;10;0;0;1;6;2
1514;116;66;47;8;12;10;0;0;1;7;2
1515;95;60;43;6;17;10;1;0;1;4;2
1516;108;57;40;6;9;3;1;1;1;4;3
1517;151;86;54;10;10.5;5;0;0;1;3;2
1518;150;80;44;12;11.5;5;0;0;1;6;3
1520;86;61;43;6;13.5;15;1;0;1;6;1
1521;150;67;39;8;12;5;1;0;1;8;3
1523;101;62;43;6;12;15;1;0;1;7;2
1524;75;59;43;5;13.5;10;0;0;0;6;1
1525;130;79;46;10;13;10;0;1;1;5;2
1527;115;74;54;9;11;12;1;1;0;8;2
1528;135;74;48;10;7.5;3;1;1;0;3;3
1529;477;119;93;15;9;1;1;0;1;3;3
1530;103;63;38;9;12.5;10;1;0;1;2;2
1532;140;78;48;11;12.7;8;1;0;1;5;3
1533;85;59;40;5;12.5;5;0;0;1;3;1
1535;159;75;48;9;8;10;1;1;1;1;3
1536;126;83;50;9;14.5;15;1;0;0;2;2
1537;91;65;39;8;13;5;0;0;1;5;1
1538;118;64;43;9;10.5;7;0;0;1;3;3
1539;105;63;43;7;10.5;15;1;0;1;3;2
1540;79;56;37;6;11.5;5;1;0;1;6;1
1541;110;67;44;9;11.5;10;0;0;1;6;2
1542;220;107;71;9;9;10;1;1;1;3;3
1543;155;85;47;11;12.7;5;1;0;1;5;3
1545;95;82;50;10;12;10;0;0;1;5;1
1547;120;69;45;9;7.5;5;1;0;0;8;2
1549;98;60;47;6;14.5;7;1;1;0;3;2
1550;125;78;44;13;12;5;1;0;1;1;2
1552;73;50;35;7;17;5;1;0;0;4;1
1553;120;83;49;9;12;10;0;0;1;7;1
1554;230;95;64;10;10.5;15;1;1;1;3;3
1556;162;86;58;9;12;8;1;1;1;8;3
1557;105;75;45;10;17;7;0;0;1;2;1
1559;128;84;53;10;12;5;1;0;1;1;2
1560;135;80;45;10;10.5;5;0;0;1;7;2
1562;102;60;40;8;8;5;0;1;1;1;2
1564;118;71;41;8;12;15;0;0;1;7;2
1566;103;74;45;8;12;5;1;1;0;8;1
1567;120;67;46;10;9;10;1;0;1;4;3
1568;92;60;44;6;15.5;3;1;0;1;1;2
1569;200;101;68;10;11;10;1;1;1;8;3
1570;96;63;38;8;12.5;15;1;0;1;2;2
1571;140;66;43;7;8;10;0;0;1;1;3
1572;145;73;50;9;9;7;1;1;0;3;3
1574;207;134;77;21;15.5;5;1;0;1;1;2
1575;115;65;39;8;13;10;0;0;1;5;2
1576;118;79;45;13;15.5;10;1;0;1;1;2
1577;85;55;38;6;10.5;5;0;1;0;3;2
1578;160;80;55;8;8;15;1;1;1;1;3
1579;129;80;46;10;12;10;0;0;1;7;2
1580;107;72;43;10;13;5;0;0;0;5;2
1581;95;67;45;10;12;10;0;0;1;8;1
1582;108;79;47;8;14.5;3;0;0;0;2;1
1583;84;62;44;7;14.5;10;0;0;1;3;1
1585;160;68;40;9;9;10;1;1;1;4;3
1588;97;76;44;10;12;10;1;0;0;5;1
1589;144;95;62;11;10;10;1;0;1;6;2
1590;110;77;46;8;12;12;0;0;0;7;1
1591;142;78;46;9;10.5;10;1;1;1;7;3
1594;106;72;52;9;11.5;7;0;1;1;6;2
1595;95;62;38;8;12.5;3;1;0;0;2;2
1596;245;85;54;12;9;7;1;1;1;4;3
1597;86;59;42;5;11.5;10;1;0;1;6;1
1598;92;60;44;6;12;5;0;0;1;7;2
1600;156;90;51;13;10;5;1;0;1;6;2
1601;340;121;72;13;12.5;3;1;1;1;3;3
1602;117;82;44;10;13;2;1;0;1;5;1
1604;115;62;38;8;11.5;5;1;0;1;6;3
1605;118;72;43;10;12.7;2;1;0;0;5;2
1606;126;74;43;10;12.5;3;1;0;1;2;2
1610;115;86;67;13;13.5;15;0;0;1;6;1
1611;150;54;39;6;7;3;1;1;1;4;3
1612;155;75;44;10;9;5;0;1;1;4;3
1613;410;102;75;10;6.5;5;1;1;1;5;3
1615;95;60;37;8;12.5;15;1;0;1;2;2
1616;118;75;46;10;17;5;1;0;1;2;2
1617;100;66;44;6;12.5;10;1;0;1;2;2
1618;110;79;47;8;14.5;3;0;0;0;2;1
1619;80;58;43;6;11.5;10;1;0;1;6;1
1620;130;74;45;10;12;1;1;0;1;1;2
1621;163;72;43;9;7;10;0;1;1;4;3
1622;95;63;40;8;12.5;10;1;0;1;2;2
1623;83;60;42;6;12;7;0;0;1;8;1
1625;93;57;43;6;10.5;15;0;0;1;3;2
1626;90;78;45;10;13.5;10;0;0;1;6;1
1627;125;80;45;11;12;2;1;0;1;5;2
1628;106;63;44;7;12.5;10;1;0;1;2;2
1629;103;75;45;10;12;5;0;1;1;5;1
1630;93;64;44;6;17;5;1;0;1;2;1
1631;250;78;47;10;10.5;7;1;0;1;3;3
1632;117;78;44;10;12;5;1;0;1;5;2
1635;130;74;48;12;12;15;1;1;1;8;2
1636;78;55;37;6;11.5;2;1;1;1;6;1
1637;140;66;42;8;7;2;1;1;0;4;3
1638;110;77;40;12;12.7;15;1;0;1;5;1
1639;140;84;48;9;12;10;0;1;1;7;2
1640;92;70;50;6;12;5;0;0;1;7;1
1641;98;60;43;7;13.5;10;1;0;1;6;2
1642;107;73;47;9;17;15;0;1;0;2;1
1643;122;81;46;13;12;15;1;0;1;5;2
1645;100;60;39;6;17;5;1;0;1;4;2
1646;93;62;38;7;17;3;1;0;1;4;2
1647;95;61;43;6;12;15;1;0;0;7;2
1649;83;57;44;6;17;10;0;0;1;4;1
1650;114;75;44;10;12.7;7;1;0;1;5;2
1651;200;72;46;9;9;10;1;1;1;3;3
1652;270;97;56;18;8;10;1;1;1;1;3
1653;100;76;45;10;12.7;15;1;0;1;5;1
1657;530;150;80;15;7.5;7;1;1;1;3;3
1658;100;75;45;9;14.5;10;0;0;1;3;1
1660;105;66;44;7;13.5;7;1;0;1;6;2
1661;260;135;75;20;12.5;3;1;1;0;3;3
1662;108;66;44;7;17;5;1;0;1;4;2
1663;133;83;45;10;13;10;1;0;0;5;2
1664;93;61;38;8;13;7;0;0;1;5;2
1665;114;77;45;10;12;10;0;0;1;7;2
1666;98;79;48;10;12;10;1;1;1;5;1
1670;82;62;44;6;12.5;10;0;0;0;2;1
1671;128;65;44;7;9;5;0;0;1;4;3
1673;114;76;45;10;12;15;0;0;1;7;2
1674;70;50;32;5;11.5;7;0;1;0;6;1
1675;115;59;39;6;10;10;1;0;0;6;3
1676;99;75;45;10;14.5;15;0;0;1;3;1
1677;110;65;39;9;12.5;2;1;0;0;2;2
1679;110;60;44;6;7;5;0;0;1;4;3
1680;83;49;34;6;15.5;5;1;0;1;1;2
1681;106;67;45;9;12;7;0;0;1;7;2
1682;120;80;48;13;12;10;1;0;1;5;2
1684;95;62;45;7;12.5;10;1;1;1;2;2
1685;145;76;44;24;12.7;2;1;0;0;5;3
1686;91;61;44;7;13.5;5;1;0;1;6;2
1687;82;62;44;6;13.5;10;0;0;1;6;1
1688;137;69;44;10;9;10;1;0;1;4;3
1689;88;60;44;6;13.5;10;0;0;1;1;1
1690;82;56;42;6;10;10;1;0;0;6;1
1691;145;94;50;12;17;10;1;1;1;4;2
1692;100;60;43;7;12.5;5;1;0;1;2;2
1694;111;57;40;6;9;3;1;1;1;4;3
1695;89;64;45;7;12;5;1;0;1;5;1
1698;105;66;44;7;13.5;7;0;0;1;1;2
1700;220;77;49;10;7.5;5;1;1;1;8;3
1701;107;69;45;10;12;10;1;0;1;7;2
1702;180;90;58;8;10.5;2;1;0;1;3;3
1704;110;65;44;8;10.5;10;1;1;1;7;2
1707;83;59;44;6;13.5;10;0;0;1;6;1
1708;164;101;51;15;12.7;5;1;0;1;5;2
1709;125;78;38;11;12.7;10;1;0;1;5;2
1710;93;64;45;7;14.5;3;1;0;1;2;1
1711;140;70;51;8;12.5;10;1;1;1;8;3
1712;94;64;45;7;14.5;10;0;0;1;3;1
1714;135;73;53;8;11;15;1;1;1;8;3
1715;105;73;45;8;11;10;1;0;0;5;1
1716;155;73;49;9;10.5;15;1;1;1;3;3
1717;127;77;40;11;13;10;0;0;1;5;2
1719;145;62;41;9;9;5;1;0;1;3;3
1720;125;74;45;10;14.5;15;0;0;1;3;2
1722;112;76;46;10;12;10;0;0;1;7;2
1723;90;60;38;8;12;10;0;0;0;8;2
1724;140;67;46;9;8;15;1;0;1;1;3
1725;112;66;41;8;17;5;1;0;0;2;2
1726;123;70;47;8;12;7;0;0;1;7;2
1727;85;55;41;5;11;5;0;1;1;8;2
1728;82;56;39;6;10;5;1;0;1;6;1
1730;74;56;37;6;15.5;7;0;1;0;1;1
1731;84;57;42;5;12.7;10;1;1;1;5;2
1733;132;80;54;10;12;10;1;0;1;1;2
1735;240;106;71;9;9;10;1;1;1;3;3
1736;125;77;46;10;13.5;5;0;1;1;6;2
1737;90;61;43;6;14.5;10;1;0;1;2;2
1738;95;63;38;8;12.5;5;1;0;1;2;2
1740;137;83;48;12;15.5;10;1;0;1;1;2
1744;98;66;44;7;11.5;10;1;0;1;6;2
1745;115;79;45;13;13;7;0;0;1;5;1
1746;352;108;81;16;4.5;10;1;1;1;8;3
1747;131;79;45;12;14.5;5;0;0;1;3;2
1749;123;77;46;10;13;10;1;0;1;5;2
1751;85;56;36;5;10.5;15;0;0;1;3;2
1752;72;54;35;6;13.5;10;1;0;1;6;1
1753;195;86;60;10;9;5;0;1;1;3;3
1754;123;81;48;9;12;20;0;0;0;7;2
1755;110;77;46;10;12.7;7;0;0;1;5;1
1756;137;80;50;12;10.5;15;1;1;1;3;2
1757;85;58;39;6;12.5;10;1;0;0;2;1
1758;160;90;60;12;12.7;1;1;1;1;5;2
1759;170;75;55;8;9;7;1;1;1;4;3
1763;80;56;38;5;11.5;10;1;0;1;6;1
1764;170;79;52;9;9;7;1;0;1;4;3
1765;80;60;44;6;13.5;7;0;0;1;6;1
1766;112;67;38;7;10.5;10;0;1;1;3;2
1767;81;53;34;6;12.5;10;1;0;0;2;2
1768;82;60;42;7;13.5;5;0;0;1;6;1
1769;85;57;43;6;12;12;1;1;0;7;2
1772;160;73;41;8;7;5;0;0;0;4;3
1773;75;54;36;6;10;7;1;0;1;6;1
1774;110;74;44;10;13;7;1;0;1;5;2
1775;122;64;46;8;12.5;7;0;0;1;3;3
1777;82;57;42;5;12.7;10;1;1;1;5;1
1778;113;80;46;10;13;10;0;0;1;5;1
1779;124;79;44;13;12;10;1;0;1;1;2
1780;115;79;48;9;13;7;1;0;1;5;1
1782;150;76;45;10;9;5;0;0;1;4;3
1783;140;79;53;8;7;2;1;0;0;4;2
1784;160;84;50;9;12.7;1;1;0;1;5;3
1785;96;59;42;6;13.5;7;1;0;1;6;2
1786;95;60;43;7;12.5;5;1;0;1;2;2
1788;119;77;53;8;10.5;10;1;1;0;7;2
1790;210;71;45;6;9;1;1;1;1;4;3
1792;132;78;46;14;12.5;12;1;0;0;2;2
1794;199;70;46;8;7.5;7;1;1;1;3;3
1795;82;55;34;5;10.5;5;0;1;1;3;2
1796;113;84;54;10;13;5;0;0;1;5;1
1798;105;64;38;8;14.5;10;0;0;1;2;2
1799;110;75;45;8;13.5;10;0;0;0;6;1
1801;117;81;46;10;12.5;10;1;0;1;2;1
1802;88;59;44;6;14.5;10;1;0;1;3;2
1803;250;92;57;11;9;3;1;1;1;3;3
1804;92;62;39;7;12;10;1;0;1;5;2
1805;99;66;41;8;13.5;15;1;1;1;1;2
1806;85;53;34;6;10.5;3;1;0;1;7;2
1807;88;60;43;6;12.5;5;1;0;1;2;1
1808;92;63;38;8;14.5;5;0;0;0;2;1
1809;75;56;37;5;10;10;1;0;0;6;1
1810;92;65;45;7;12.5;5;1;0;1;2;1
1811;170;86;56;10;12;2;1;0;1;5;3
1812;222;134;75;16;12;5;1;0;1;7;2
1813;95;51;34;6;12;5;0;0;1;8;3
1814;70;60;43;6;17;10;1;0;1;2;1
1815;270;82;49;13;8;15;1;0;1;1;3
1816;85;65;46;7;13;7;0;0;1;5;1
1817;142;83;45;10;12.7;15;1;0;1;5;2
1818;95;65;46;8;12.5;10;1;0;1;2;1
1819;96;65;40;8;14.5;15;1;0;0;2;2
1820;121;80;45;13;14.5;5;0;0;1;3;2
1824;79;60;43;5;12;10;0;0;0;7;1
1825;108;65;40;8;17;5;1;0;1;2;2
1826;300;127;66;15;12.5;5;1;1;1;3;3
1828;96;60;43;6;14.5;7;1;0;1;2;2
1830;80;59;43;6;13.5;5;0;0;1;6;1
1831;138;95;63;9;10;10;1;0;1;6;1
1832;102;64;47;6;17;10;1;0;1;4;2
1833;210;80;49;10;12.5;5;1;1;1;3;3
1834;103;64;44;10;15.5;7;1;0;1;1;2
1835;245;83;48;12;7.5;10;1;1;1;8;3
1837;90;61;44;6;12;5;1;0;0;8;2
1838;176;86;54;8;9;10;1;1;1;4;3
1839;127;74;45;11;12;10;0;0;0;1;2
1840;98;58;43;6;14.5;10;0;0;1;3;2
1841;87;54;34;6;17;1;1;0;1;4;2
1842;149;77;45;10;13;2;1;0;1;5;3
1843;91;64;45;7;14.5;10;1;0;1;2;1
1844;115;78;46;10;12;15;0;0;1;7;2
1845;140;82;49;8;13;5;1;0;1;5;2
1846;90;59;45;6;15.5;5;0;0;1;1;2
1848;82;59;38;6;13.5;5;1;0;1;6;1
1849;79;51;34;6;13.5;10;1;0;1;6;2
1850;150;69;46;8;7.5;7;1;1;1;3;3
1852;155;85;49;9;12;5;1;1;1;7;3
1853;127;74;42;9;12;5;1;0;1;1;2
1854;94;72;46;10;14.5;9;0;0;1;3;1
1855;185;91;50;12;10.5;10;1;0;1;3;3
1856;122;79;45;13;12;10;1;0;1;1;2
1857;110;67;49;6;12.5;10;1;1;0;3;2
1859;90;67;40;8;12;5;1;0;1;5;1
1860;117;76;43;10;12;5;1;0;1;5;2
1861;82;58;35;11;12.5;10;0;0;0;3;1
1862;82;60;45;6;13.5;10;0;0;1;6;1
1864;155;75;43;8;7;5;0;0;1;4;3
1865;95;66;39;8;14.5;15;1;0;1;2;1
1866;75;56;37;5;10;5;0;0;1;6;1
1867;100;65;41;8;14.5;5;0;0;1;2;2
1868;140;81;50;7;12;10;1;1;0;8;2
1870;112;76;40;11;12.7;7;0;0;1;5;2
1871;150;81;55;9;9;5;0;1;0;3;3
1872;98;65;44;7;11.5;15;1;0;1;6;2
1873;97;80;48;8;13;5;0;1;1;5;1
1874;170;78;51;9;10.5;10;1;1;1;3;3
1875;79;54;36;6;12.5;10;0;1;1;3;1
1877;160;75;44;10;12;5;1;0;1;8;3
1878;117;79;45;13;14.5;7;0;0;1;3;2
1879;84;58;42;6;13;15;1;0;0;5;1
1880;98;72;44;7;11.5;7;1;1;0;6;1
1882;140;83;47;9;10.5;5;0;1;1;3;2
1883;94;61;42;6;12.5;10;1;0;1;2;2
1884;130;81;48;9;13.5;10;0;0;1;6;2
1885;105;66;40;8;17;5;1;0;1;2;2
1887;85;58;44;6;10.5;10;1;0;0;3;1
1888;90;60;45;5;10.5;10;0;0;1;3;2
1889;85;55;35;6;10.5;5;0;1;0;3;2
1894;137;70;45;8;10.5;10;1;1;1;3;3
1895;245;80;49;10;3;10;1;1;0;1;3
1896;145;80;49;11;12.5;10;0;0;1;3;3
1897;118;80;45;13;12;15;1;0;1;5;2
1898;115;68;46;8;13.5;10;1;0;1;1;2
1899;105;65;39;8;17;10;1;0;0;2;2
1901;117;75;42;10;12;5;1;0;1;5;2
1902;91;62;38;7;13.5;7;0;0;0;6;1
1904;130;72;45;10;11.5;10;1;0;0;6;3
1905;200;87;60;15;11.5;3;1;1;1;6;3
1906;100;76;45;10;12;15;0;0;1;7;1
1908;95;65;46;7;12.5;15;1;0;1;2;1
1909;112;72;50;9;17;10;1;1;0;2;2
1911;125;66;40;10;12;20;1;0;1;8;3
1913;170;100;57;14;12;10;1;0;0;5;2
1914;115;79;46;10;12.7;10;1;0;1;5;1
1916;99;65;40;8;12.5;10;1;0;1;2;2
1918;105;78;45;10;13;10;0;0;1;5;1
1919;205;87;58;9;7.5;5;1;1;1;3;3
1920;90;62;46;8;14.5;15;0;0;1;3;1
1921;100;64;38;8;14.5;15;0;0;1;2;2
1922;83;53;34;6;12.5;15;1;0;1;2;2
1923;93;70;50;9;12.5;10;1;0;0;2;1
1924;96;63;45;6;12.5;10;1;0;1;2;2
1926;150;68;46;9;12;5;1;1;1;8;3
1927;105;67;48;8;13.5;15;1;0;1;6;2
1928;110;79;46;10;13;5;1;0;1;5;1
1929;118;86;54;10;12;15;1;0;1;5;1
1930;171;90;63;10;10.5;3;1;0;1;3;3
1931;451;156;80;20;10.5;5;0;1;1;3;3
1933;165;76;52;9;8;2;1;1;1;1;3
1934;87;61;42;9;13.5;10;1;0;1;6;1
1935;85;60;40;6;13.5;5;0;0;1;6;1
1936;130;75;44;10;12.5;5;1;0;1;2;2
1937;93;64;45;7;14.5;3;1;0;1;2;1
1938;95;55;42;5;10.5;5;0;1;1;3;2
1939;179;65;45;8;9;5;1;1;1;3;3
1940;73;51;34;6;12;7;1;0;0;5;1
1941;420;102;70;20;3;2;1;1;1;1;3
1943;154;75;36;12;7;5;1;0;1;4;3
1944;121;79;45;13;12;7;1;0;1;1;2
1945;150;81;54;9;9;5;0;1;0;3;3
1946;268;121;60;16;7.5;5;1;0;1;3;3
1947;115;68;46;7;14.5;15;1;0;1;3;2
1948;86;60;44;6;13.5;10;0;0;1;1;1
1949;185;99;67;9;9;10;1;1;0;4;3
1950;105;66;40;8;12.5;5;1;0;1;2;2
1951;95;59;43;6;15.5;5;0;0;1;1;2
1952;119;78;53;8;10.5;10;1;1;0;7;2
1954;81;56;37;6;11.5;5;1;0;1;6;1
1955;133;65;47;8;12.5;5;1;0;1;3;3
1956;90;61;43;6;12.5;3;1;0;1;2;2
1957;148;90;55;8;13.5;7;0;1;0;1;2
1959;265;136;88;14;10.5;10;1;1;1;3;3
1960;93;61;45;6;14.5;10;1;0;1;3;2
1961;103;74;43;10;13;7;0;0;1;5;1
1963;92;59;38;6;15.5;10;1;0;1;1;2
1964;215;90;61;9;9;1;1;1;1;3;3
1966;115;65;39;9;12.5;3;1;0;0;2;2
1969;120;80;45;9;12.7;15;1;0;1;5;2
1971;114;77;45;10;12;10;0;0;1;7;2
1972;81;60;46;6;14.5;15;0;0;0;3;1
1973;104;73;44;10;13;5;0;0;1;5;1
1974;135;105;58;21;13.5;15;1;1;1;1;1
1975;79;59;43;6;12;10;0;0;0;7;1
1976;115;81;50;8;13;10;1;0;1;5;1
1977;91;78;45;10;17;10;1;0;1;4;1
1978;79;50;34;6;14.5;5;0;0;1;3;2
1979;136;78;45;10;12;10;1;0;0;1;2
1980;95;72;43;12;12.7;10;0;0;0;5;1
1981;78;56;38;6;13.5;5;0;0;0;6;1
1982;122;96;54;12;13.5;10;0;0;0;6;1
1984;110;60;45;6;12;5;1;0;1;8;3
1985;103;74;45;9;13;10;1;0;1;5;1
1986;88;72;51;9;11.5;10;0;1;1;6;1
1988;120;79;44;10;13;3;1;0;1;5;2
1989;150;74;48;12;12;5;1;0;1;8;3
1990;93;70;40;10;12;10;1;0;0;5;1
1991;125;75;45;10;13.5;10;0;0;1;6;2
1992;130;78;58;10;14.5;15;0;0;1;3;2
1993;120;80;45;13;12;15;1;0;1;5;2
1994;104;67;44;10;11.5;8;1;0;1;6;2
1995;105;67;45;9;12;7;0;0;1;7;2
1996;119;75;46;10;12;7;0;0;0;7;2
1997;99;57;42;6;12;10;1;1;1;8;2
1999;89;60;42;6;12;7;0;0;1;8;2
2000;160;77;45;10;12;15;1;0;1;8;3
2001;90;60;42;6;17;3;1;0;1;2;2
2002;145;75;53;9;8;15;1;1;1;1;3
2003;155;60;40;11;7.5;5;1;1;1;3;3
2004;108;80;48;8;12;10;0;0;1;7;1
2005;115;76;45;10;12.7;5;0;0;1;5;2
2006;116;75;42;9;13.5;10;0;0;1;6;2
2007;151;111;64;16;14.5;10;0;1;1;3;1
2008;99;74;44;10;12;10;0;0;0;7;1
2009;96;60;45;6;12;5;0;0;1;7;2
2010;180;85;55;10;10.5;5;1;1;1;3;3
2011;126;64;44;7;8;2;1;0;0;1;3
2013;370;111;60;13;8;5;1;1;1;1;3
2014;121;77;46;10;12.5;10;1;0;1;2;2
2015;150;75;51;8;12;15;1;0;0;8;3
2016;169;77;52;8;7;3;1;1;1;4;3
2017;125;74;46;8.5;12;5;1;0;1;5;2
2018;119;77;45;10;13;10;0;0;1;5;2
2019;145;75;46;10;9;15;1;0;1;4;3
2020;84;60;43;6;14.5;5;0;0;1;3;1
2021;98;68;44;8;10.5;10;1;0;1;7;1
2022;92;85;53;10;12;15;1;1;0;5;1
2023;81;60;44;6;13.5;10;0;0;1;1;1
2024;104;80;45;13;13;5;0;0;1;5;1
2025;130;75;45;8;11;10;1;1;1;8;2
2026;110;76;45;10;12;5;1;0;1;5;1
2027;72;50;34;7;17;10;1;0;1;4;1
2028;95;74;45;8;14.5;5;0;1;0;2;1
2029;95;64;45;7;17;5;1;0;1;2;2
2030;114;73;44;10;13.5;10;0;0;0;6;2
2032;97;63;44;7;11.5;5;1;0;0;6;2
2033;97;72;43;10;12.7;10;0;0;1;5;1
2034;180;79;45;10;8;15;1;0;1;1;3
2035;110;77;47;10;13;10;1;0;1;5;1
2036;110;77;45;10;12;5;0;0;1;5;1
2038;95;60;46;5;10.5;5;1;0;1;7;2
2039;129;76;48;10;12.5;5;0;0;1;3;2
2040;103;64;45;7;15.5;5;1;0;1;1;2
